Phoenix,85018
Phoenix,85027
Phoenix,85029
Phoenix,85034
Queen Creek,85142
Mesa,85206
Mesa,85210
Chandler,85224
Chandler,85225
Chandler,85226
Scottsdale,85251
Scottsdale,85255
Scottsdale,85260
Tempe,85281
Tempe,85282
Surprise,85374
Tucson,85737
Phoenix,85001
Phoenix,85002
Phoenix,85003
Phoenix,85004
Phoenix,85005
Phoenix,85006
Phoenix,85007
Phoenix,85008
Phoenix,85009
Phoenix,85010
Phoenix,85011
Phoenix,85012
Phoenix,85013
Phoenix,85014
Phoenix,85015
Phoenix,85016
Phoenix,85017
Phoenix,85019
Phoenix,85020
Phoenix,85021
Phoenix,85022
Phoenix,85023
Phoenix,85024
Phoenix,85025
Phoenix,85026
Phoenix,85028
Phoenix,85030
Phoenix,85031
Phoenix,85032
Phoenix,85033
Phoenix,85035
Phoenix,85036
Phoenix,85037
Phoenix,85038
Phoenix,85039
Phoenix,85040
Phoenix,85041
Phoenix,85043
Phoenix,85044
Phoenix,85045
Phoenix,85046
Phoenix,85048
Phoenix,85050
Phoenix,85051
Phoenix,85053
Phoenix,85054
Phoenix,85060
Phoenix,85061
Phoenix,85062
Phoenix,85063
Phoenix,85064
Phoenix,85065
Phoenix,85066
Phoenix,85067
Phoenix,85068
Phoenix,85069
Phoenix,85070
Phoenix,85071
Phoenix,85072
Phoenix,85073
Phoenix,85074
Phoenix,85075
Phoenix,85076
Phoenix,85078
Phoenix,85079
Phoenix,85080
Phoenix,85082
Phoenix,85085
Phoenix,85098
Casa Grande,85122
Arizona City,85123
Maricopa,85139
Mesa,85201
Mesa,85202
Mesa,85203
Mesa,85204
Mesa,85205
Mesa,85207
Mesa,85208
Mesa,85211
Mesa,85212
Mesa,85213
Mesa,85214
Mesa,85215
Mesa,85216
Gilbert,85233
Gilbert,85234
Higley,85236
Chandler,85244
Chandler,85246
Chandler,85248
Chandler,85249
Scottsdale,85250
Scottsdale,85252
Paradise Valley,85253
Scottsdale,85254
Scottsdale,85256
Scottsdale,85257
Scottsdale,85258
Scottsdale,85259
Scottsdale,85261
Scottsdale,85262
Scottsdale,85266
Scottsdale,85267
Fountain Hills,85268
Scottsdale,85271
Mesa,85274
Mesa,85275
Tempe,85280
Tempe,85283
Tempe,85284
Tempe,85285
Tempe,85287
Gilbert,85296
Glendale,85301
Glendale,85302
Glendale,85303
Glendale,85304
Glendale,85305
Glendale,85306
Glendale,85307
Glendale,85308
Glendale,85310
Glendale,85311
Glendale,85312
Avondale,85323
Buckeye,85326
Cave Creek,85327
Cave Creek,85331
Goodyear,85338
Litchfield Park,85340
Peoria,85345
San Luis,85349
Sun City,85351
Yuma,85364
Yuma,85365
Sun City,85372
Sun City,85373
Sun City West,85375
Sun City West,85376
Carefree,85377
Surprise,85378
Surprise,85379
Peoria,85380
Peoria,85381
Peoria,85382
Wickenburg,85390
Payson,85541
Green Valley,85614
Sierra Vista,85635
Willcox,85643
Marana,85653
Tucson,85701
Tucson,85704
Tucson,85705
Tucson,85706
Tucson,85710
Tucson,85711
Tucson,85712
Tucson,85713
Tucson,85714
Tucson,85715
Tucson,85716
Tucson,85718
Tucson,85719
Tucson,85743
Tucson,85745
Tucson,85750
Flagstaff,86001
Flagstaff,86004
Flagstaff,86005
Cameron,86020
Colorado City,86021
Grand Canyon,86023
Page,86040
Williams,86046
Prescott,86301
Sedona,86336
Sedona,86351
Kingman,86401
Lake Havasu City,86403
Phoenix,85086
Phoenix,85097